{"cameraMode":{"drawMode":0,"name":"Shaded","section":"Shading Mode"},"sceneLighting":true,"audioPlay":false,"sceneViewState":{"showFog":true,"showMaterialUpdate":false,"showSkybox":false,"showFlares":true,"showImageEffects":true,"showParticleSystems":true},"in2DMode":false,"pivot":{"x":1.4310959577560425,"y":1.3098801374435425,"z":-4.41588830947876},"rotation":{"x":0.11070586740970612,"y":0.7493125796318054,"z":-0.12963508069515229,"w":0.6398986577987671},"size":3.3602941036224367,"orthographic":false}