{"cameraMode":{"drawMode":0,"name":"Shaded","section":"Shading Mode"},"sceneLighting":false,"audioPlay":false,"sceneViewState":{"showFog":true,"showMaterialUpdate":false,"showSkybox":false,"showFlares":true,"showImageEffects":true,"showParticleSystems":true},"in2DMode":false,"pivot":{"x":0.13905595242977143,"y":0.13404768705368043,"z":0.028185248374938966},"rotation":{"x":-0.0364660881459713,"y":-0.8772321939468384,"z":0.4739013910293579,"w":-0.06750079244375229},"size":0.9478529095649719,"orthographic":false}