{"cameraMode":{"drawMode":0,"name":"Shaded","section":"Shading Mode"},"sceneLighting":true,"audioPlay":false,"sceneViewState":{"showFog":true,"showMaterialUpdate":true,"showSkybox":true,"showFlares":true,"showImageEffects":true,"showParticleSystems":true},"in2DMode":false,"pivot":{"x":4.159744739532471,"y":0.020992279052734376,"z":-11.944195747375489},"rotation":{"x":-0.018660124391317369,"y":-0.981062114238739,"z":0.1476694941520691,"w":-0.1239771768450737},"size":23.764938354492189,"orthographic":false}