{"cameraMode":{"drawMode":0,"name":"Shaded","section":"Shading Mode"},"sceneLighting":true,"audioPlay":false,"sceneViewState":{"showFog":true,"showMaterialUpdate":false,"showSkybox":true,"showFlares":true,"showImageEffects":true,"showParticleSystems":true},"in2DMode":false,"pivot":{"x":114.01591491699219,"y":230.40977478027345,"z":73.89813232421875},"rotation":{"x":0.07043521851301193,"y":0.0134660629555583,"z":-0.0009509337251074612,"w":0.9974253177642822},"size":270.513427734375,"orthographic":false}