{"cameraMode":{"drawMode":0,"name":"Shaded","section":"Shading Mode"},"sceneLighting":true,"audioPlay":false,"sceneViewState":{"showFog":true,"showMaterialUpdate":false,"showSkybox":true,"showFlares":true,"showImageEffects":true,"showParticleSystems":true},"in2DMode":false,"pivot":{"x":8.20901107788086,"y":-0.23827823996543885,"z":-1.4235851764678956},"rotation":{"x":0.07551302015781403,"y":0.7369201183319092,"z":-0.08348751813173294,"w":0.6665509939193726},"size":10.726975440979004,"orthographic":false}